{
  "task1_inputs": {
    "ian_head": {
      "name": "ian_head",
      "triangles": 200000,
      "vertices": 99994,
      "is_watertight": false,
      "is_winding_consistent": true,
      "is_volume": false,
      "euler_number": 0,
      "body_count": 3,
      "volume_mm3": 1297377826.7714312,
      "extents_xyz": [
        1726.178466796875,
        1190.2962036132812,
        1899.3694407455623
      ],
      "bbox_min": [
        -863.1011352539062,
        -594.1770629882812,
        -0.03606672212481499
      ],
      "bbox_max": [
        863.0773315429688,
        596.119140625,
        1899.3333740234375
      ],
      "centroid": [
        14.644888716682514,
        8.045232195906388,
        696.7950883748301
      ],
      "bbox_center": [
        -0.01190185546875,
        0.971038818359375,
        949.6486536506563
      ]
    },
    "nik_head": {
      "name": "nik_head",
      "triangles": 200000,
      "vertices": 99995,
      "is_watertight": false,
      "is_winding_consistent": true,
      "is_volume": false,
      "euler_number": 6,
      "body_count": 1,
      "volume_mm3": 1122324409.4736829,
      "extents_xyz": [
        1899.1541748046875,
        1146.9071044921875,
        1881.5572293773293
      ],
      "bbox_min": [
        -950.31982421875,
        -572.3900756835938,
        0.07619347423315048
      ],
      "bbox_max": [
        948.8343505859375,
        574.5170288085938,
        1881.6334228515625
      ],
      "centroid": [
        6.05834238266944,
        20.15529283049013,
        699.2068786803076
      ],
      "bbox_center": [
        -0.74273681640625,
        1.0634765625,
        940.8548081628978
      ]
    },
    "valve_cap": {
      "name": "valve_cap",
      "triangles": 7436,
      "vertices": 3297,
      "is_watertight": false,
      "is_winding_consistent": true,
      "is_volume": false,
      "euler_number": -51,
      "body_count": 1,
      "volume_mm3": 263.977246807124,
      "extents_xyz": [
        9.208000183105469,
        9.208999633789062,
        11.111999511718757
      ],
      "bbox_min": [
        -5.062000274658203,
        36.29349899291992,
        -7.993605777301127e-15
      ],
      "bbox_max": [
        4.145999908447266,
        45.502498626708984,
        11.11199951171875
      ],
      "centroid": [
        -0.4644242899627748,
        40.911295757493946,
        5.901460344981637
      ],
      "bbox_center": [
        -0.45800018310546875,
        40.89799880981445,
        5.5559997558593714
      ]
    },
    "negative_core": {
      "name": "negative_core",
      "triangles": 288,
      "vertices": 98,
      "is_watertight": false,
      "is_winding_consistent": true,
      "is_volume": false,
      "euler_number": 2,
      "body_count": 1,
      "volume_mm3": 745.4986335989946,
      "extents_xyz": [
        8.310444951057434,
        8.310445070266724,
        13.783177375793459
      ],
      "bbox_min": [
        -8.678999900817871,
        3.207554578781128,
        -1.9369390396066152e-15
      ],
      "bbox_max": [
        -0.368554949760437,
        11.517999649047852,
        13.783177375793457
      ],
      "centroid": [
        -4.523777529630466,
        7.362777173280645,
        6.891588687896729
      ],
      "bbox_center": [
        -4.523777425289154,
        7.36277711391449,
        6.891588687896728
      ]
    }
  },
  "task1_head_compare": {
    "ian_extents": [
      1726.178466796875,
      1190.2962036132812,
      1899.3694407455623
    ],
    "nik_extents": [
      1899.1541748046875,
      1146.9071044921875,
      1881.5572293773293
    ],
    "abs_diff_mm": [
      -172.9757080078125,
      43.38909912109375,
      17.812211368232965
    ],
    "ratio": [
      0.9089196073164509,
      1.037831397984325,
      1.009466739087244
    ],
    "max_abs_diff_mm": 172.9757080078125
  },
  "task2_reverse_bool": {
    "ian_head": {
      "head_only": {
        "name": "ian_head_head_only",
        "triangles": 207094,
        "vertices": 103549,
        "is_watertight": true,
        "is_winding_consistent": true,
        "is_volume": true,
        "euler_number": 2,
        "body_count": 13,
        "volume_mm3": 1297377560.1271493,
        "extents_xyz": [
          1726.178466796875,
          1190.2962036132812,
          1899.3694407455623
        ],
        "bbox_min": [
          -863.1011352539062,
          -594.1770629882812,
          -0.03606672212481499
        ],
        "bbox_max": [
          863.0773315429688,
          596.119140625,
          1899.3333740234375
        ],
        "centroid": [
          13.257555099399795,
          7.881958751697519,
          699.4359583020171
        ],
        "bbox_center": [
          -0.01190185546875,
          0.971038818359375,
          949.6486536506563
        ]
      },
      "cap_carve_metrics": {
        "ref_z_min": -0.03606672212481499,
        "head_only_z_min": -0.03606672212481499,
        "z_offset_head_minus_ref": 0.0
      },
      "bottom_slab": {
        "slab_z_centre": 0.963933277875185,
        "outer_area_mm2": 1307387.0057618367,
        "outer_perim_mm": 4525.995696383862,
        "outer_circularity": 0.8020210275517251,
        "hole_count": 1,
        "holes": [
          {
            "area_mm2": 66.4071979801322,
            "perimeter_mm": 28.908329614190567,
            "circularity": 0.99857117157097
          }
        ]
      }
    },
    "nik_head": {
      "head_only": {
        "name": "nik_head_head_only",
        "triangles": 199978,
        "vertices": 99985,
        "is_watertight": true,
        "is_winding_consistent": true,
        "is_volume": true,
        "euler_number": -4,
        "body_count": 1,
        "volume_mm3": 1122324409.222667,
        "extents_xyz": [
          1899.1541748046875,
          1146.9071044921875,
          1881.5572293773293
        ],
        "bbox_min": [
          -950.31982421875,
          -572.3900756835938,
          0.07619347423315048
        ],
        "bbox_max": [
          948.8343505859375,
          574.5170288085938,
          1881.6334228515625
        ],
        "centroid": [
          5.940445250481843,
          20.220142418344164,
          699.5088441825073
        ],
        "bbox_center": [
          -0.74273681640625,
          1.0634765625,
          940.8548081628978
        ]
      },
      "cap_carve_metrics": {
        "ref_z_min": 0.07619347423315048,
        "head_only_z_min": 0.07619347423315048,
        "z_offset_head_minus_ref": 0.0
      },
      "bottom_slab": {
        "slab_z_centre": 1.0761934742331505,
        "outer_area_mm2": 262.4308673264175,
        "outer_perim_mm": 85.8737453767542,
        "outer_circularity": 0.4472022394821233,
        "hole_count": 0,
        "holes": []
      }
    }
  },
  "task3_forward_bool": {
    "ian_head": {
      "recombined": {
        "name": "ian_head_recombined",
        "triangles": 201906,
        "vertices": 101047,
        "is_watertight": true,
        "is_winding_consistent": true,
        "is_volume": true,
        "euler_number": 94,
        "body_count": 54,
        "volume_mm3": 1297377824.0893135,
        "extents_xyz": [
          1726.178466796875,
          1190.2962036132812,
          1899.3694407455623
        ],
        "bbox_min": [
          -863.1011352539062,
          -594.1770629882812,
          -0.03606672212481499
        ],
        "bbox_max": [
          863.0773315429688,
          596.119140625,
          1899.3333740234375
        ],
        "centroid": [
          13.012069225142485,
          7.829053198853865,
          699.7804408789557
        ],
        "bbox_center": [
          -0.01190185546875,
          0.971038818359375,
          949.6486536506563
        ]
      },
      "hausdorff_vs_ref": {
        "mean_mm": 0.000112799377827694,
        "max_mm": 3.8789407349955725,
        "p95_mm": 6.839319866547264e-13,
        "p99_mm": 8.768247073666933e-11
      }
    },